,Time,V1,V2,V3,V4,V5,V6,V7,V8,V9,V10,V11,V12,V13,V14,V15,V16,V17,V18,V19,V20,V21,V22,V23,V24,V25,V26,V27,V28,Amount,Class
0,0.0,-1.3598071336738,-0.0727811733098497,2.53634673796914,1.37815522427443,-0.33832076994251803,0.462387777762292,0.239598554061257,0.0986979012610507,0.363786969611213,0.0907941719789316,-0.551599533260813,-0.617800855762348,-0.991389847235408,-0.31116935369987897,1.46817697209427,-0.47040052525947795,0.20797124192924202,0.0257905801985591,0.403992960255733,0.251412098239705,-0.018306777944153,0.277837575558899,-0.110473910188767,0.0669280749146731,0.12853935827352803,-0.189114843888824,0.13355837674038698,-0.0210530534538215,149.62,0
1,0.0,1.1918571113148602,0.26615071205963,0.16648011335321,0.448154078460911,0.0600176492822243,-0.0823608088155687,-0.0788029833323113,0.0851016549148104,-0.255425128109186,-0.16697441400461402,1.6127266610547901,1.06523531137287,0.48909501589608,-0.143772296441519,0.635558093258208,0.463917041022171,-0.114804663102346,-0.18336127012399397,-0.14578304132525902,-0.0690831352230203,-0.225775248033138,-0.6386719527718511,0.10128802125323402,-0.33984647552912706,0.167170404418143,0.125894532368176,-0.00898309914322813,0.0147241691924927,2.69,0
2,1.0,-1.35835406159823,-1.3401630747360902,1.77320934263119,0.3797795930343279,-0.503198133318193,1.80049938079263,0.7914609564504219,0.24767578658899103,-1.5146543226058302,0.207642865216696,0.6245014594248951,0.06608368526883099,0.7172927314108309,-0.165945922763554,2.34586494901581,-2.8900831944423104,1.10996937869599,-0.12135931319588801,-2.26185709530414,0.524979725224404,0.247998153469754,0.771679401917229,0.9094122623477191,-0.689280956490685,-0.3276418337352511,-0.139096571514147,-0.0553527940384261,-0.0597518405929204,378.66,0
3,1.0,-0.9662717115720871,-0.185226008082898,1.79299333957872,-0.863291275036453,-0.0103088796030823,1.24720316752486,0.23760893977178,0.377435874652262,-1.38702406270197,-0.0549519224713749,-0.22648726383540102,0.178228225877303,0.507756869957169,-0.28792374549456,-0.631418117709045,-1.0596472454324999,-0.684092786345479,1.96577500349538,-1.2326219700892,-0.208037781160366,-0.108300452035545,0.0052735967825345295,-0.190320518742841,-1.1755753318632098,0.647376034602038,-0.22192884445840697,0.0627228487293033,0.0614576285006353,123.5,0
4,2.0,-1.1582330934952298,0.8777367548484508,1.548717846511,0.40303393395512105,-0.40719337731165295,0.0959214624684256,0.5929407453855451,-0.27053267719228197,0.8177393082352941,0.7530744319763539,-0.8228428779463629,0.53819555014995,1.3458515932154,-1.11966983471731,0.175121130008994,-0.451449182813529,-0.237033239362776,-0.0381947870352842,0.803486924960175,0.40854236039275804,-0.009430697132329191,0.7982784945897099,-0.13745807961906303,0.14126698382476902,-0.20600958761975602,0.502292224181569,0.219422229513348,0.21515314749920603,69.99,0
5,2.0,-0.425965884412454,0.960523044882985,1.1411093423221899,-0.16825207976030201,0.42098688077219004,-0.0297275516639742,0.47620094872002705,0.260314333074874,-0.56867137571251,-0.371407196834471,1.3412619800195702,0.35989383703803896,-0.35809065257363104,-0.13713370021761198,0.517616806555742,0.401725895589603,-0.0581328233640131,0.0686531494425432,-0.0331937877876282,0.0849676720682049,-0.20825351465672798,-0.5598247962532479,-0.0263976679795373,-0.371426583174346,-0.23279381673703398,0.10591477909795698,0.253844224739337,0.0810802569229443,3.67,0
6,4.0,1.22965763450793,0.141003507049326,0.0453707735899449,1.20261273673594,0.19188098859764496,0.272708122899098,-0.005159002882509829,0.0812129398830894,0.464959994783886,-0.0992543211289237,-1.41690724314928,-0.15382582625365102,-0.75106271556262,0.16737196252175,0.0501435942254188,-0.44358679791672706,0.00282051247234708,-0.61198733994012,-0.0455750446637976,-0.21963255278685997,-0.167716265815783,-0.270709726172363,-0.15410378680930498,-0.7800554150046709,0.75013693580659,-0.25723684591713897,0.0345074297438413,0.0051677689062491605,4.99,0
7,7.0,-0.644269442348146,1.4179635454738502,1.0743803763556,-0.49219901849501496,0.9489340947641569,0.428118462833089,1.1206313583835301,-3.8078642387358905,0.615374730667027,1.24937617815176,-0.6194677961219129,0.291474353088705,1.75796421396042,-1.32386521970526,0.686132504394383,-0.0761269994382006,-1.2221273453247,-0.35822156986907794,0.32450473132149393,-0.156741852488285,1.94346533978412,-1.01545470979971,0.057503529867290994,-0.6497090055599929,-0.415266566234811,-0.0516342969262494,-1.20692108094258,-1.08533918832377,40.8,0
8,7.0,-0.8942860822028199,0.286157196276544,-0.113192212729871,-0.271526130088604,2.6695986595986,3.7218180611275096,0.37014512767691604,0.851084443200905,-0.39204758679860396,-0.410430432848439,-0.7051165866465359,-0.11045226173309801,-0.286253632470583,0.0743553603016731,-0.328783050303565,-0.21007726814878303,-0.4997679688002671,0.11876486100421699,0.57032816746536,0.0527356691149697,-0.0734251001059225,-0.26809163223555105,-0.204232669947878,1.0115918018785,0.373204680146282,-0.384157307702294,0.0117473564581996,0.14240432992147,93.2,0
9,9.0,-0.33826175242574996,1.11959337641566,1.04436655157316,-0.222187276738296,0.49936080649727,-0.24676110061991,0.651583206489972,0.0695385865186387,-0.736727316364109,-0.366845639206541,1.01761446783262,0.836389570307029,1.0068435137340799,-0.44352281687614203,0.15021910142263503,0.7394527770521191,-0.540979921943059,0.47667726004281996,0.45177296439412495,0.20371145472792898,-0.24691393691000801,-0.633752642406113,-0.12079408408185001,-0.385049925313426,-0.0697330460416923,0.0941988339514961,0.24621930461992603,0.0830756493473326,3.68,0
10,10.0,1.4490437811471497,-1.1763388253596598,0.913859832832795,-1.3756666549994299,-1.97138316545323,-0.62915213889734,-1.4232356010358997,0.0484558879088564,-1.7204083929203702,1.62665905834133,1.1996439495421,-0.671439778462005,-0.513947152539479,-0.0950450453999549,0.230930409124119,0.0319674667862076,0.253414715863197,0.854343814324194,-0.221365413645481,-0.387226474431156,-0.009301896524900521,0.31389441079109803,0.0277401580170247,0.500512287104917,0.25136735874920996,-0.12947795372661802,0.0428498709381461,0.0162532619375515,7.8,0
11,10.0,0.38497821518095,0.6161094591764721,-0.874299702595052,-0.0940186259679115,2.92458437838817,3.31702716826156,0.47045467180587897,0.53824722837695,-0.5588946124284411,0.30975539423728005,-0.259115563735702,-0.326143233995877,-0.0900467227020648,0.36283236856979295,0.928903660629178,-0.129486811402759,-0.8099789259635891,0.359985390219981,0.70766382644648,0.12599157561542002,0.049923685888970996,0.238421512225103,0.009129868612628659,0.9967102095810859,-0.7673148271748009,-0.49220829534001703,0.042472441919027,-0.0543373883732122,9.99,0
12,10.0,1.249998742053,-1.22163680921816,0.383930151282291,-1.2348986876689199,-1.48541947377961,-0.7532301645661491,-0.689404975426345,-0.227487227519552,-2.09401057344842,1.32372927445937,0.227666231237246,-0.24268199894418602,1.20541680770748,-0.317630527025074,0.7256749901791529,-0.8156121860273051,0.8739364476144391,-0.8477885988470991,-0.6831926262670369,-0.102755941505071,-0.231809239223849,-0.483285330117712,0.0846676908596583,0.392830885335013,0.161134553588505,-0.3549900396739621,0.0264155490776107,0.0424220887282304,121.5,0
13,11.0,1.0693735878819002,0.287722129331455,0.8286127266342809,2.71252042961718,-0.178398016248009,0.33754373028296797,-0.0967168617395962,0.11598173554659698,-0.22108256623619396,0.4602304443016779,-0.7736569305266892,0.32338724546722,-0.0110758870883779,-0.17848517517791604,-0.65556427824926,-0.19992517131173,0.1240054151819,-0.980496201537345,-0.982916082135047,-0.153197231044512,-0.0368755317335273,0.0744124028162195,-0.0714074332998586,0.104743752596029,0.548264725394119,0.10409415316278098,0.0214910583643189,0.021293311477486,27.5,0
14,12.0,-2.7918547659338997,-0.327770756658658,1.64175016056605,1.76747274389883,-0.136588446465306,0.8075964682653199,-0.422911389711497,-1.90710747624096,0.7557129083147909,1.1510869876677,0.8445554709743771,0.7929439518176,0.37044809280324603,-0.7349751058203109,0.40679571043100105,-0.303057623825763,-0.15586871479387399,0.7782654570415358,2.22186801373788,-1.58212204356551,1.1516630484878898,0.222181966098225,1.02058620426601,0.0283166513238872,-0.23274632428910502,-0.23555721754117,-0.16477751177654,-0.0301536365592253,58.8,0
15,12.0,-0.7524170429566049,0.345485415344747,2.05732291276727,-1.4686432984004598,-1.1583936804082,-0.0778498291166733,-0.608581418236123,0.00360348436201849,-0.436166983515744,0.7477308271928019,-0.7939806028372208,-0.770406728847129,1.04762699748088,-1.06660368148653,1.1069534566214099,1.66011355713381,-0.279265373246772,-0.419994141181313,0.432535348618175,0.263450864446125,0.499624954671111,1.3536504855723102,-0.256573280448308,-0.0650837078816517,-0.0391243535426488,-0.0870864732146962,-0.18099750009272103,0.129394059390202,15.99,0
16,12.0,1.10321543528383,-0.0402962145973447,1.2673320885949,1.28909146962552,-0.735997163604068,0.28806916297626195,-0.586056786337461,0.18937971367959303,0.7823328917851908,-0.267975066537173,-0.450311279515466,0.936707714991982,0.708380406186981,-0.46864728770722097,0.354574063407955,-0.246634655717582,-0.00921237772707382,-0.5959124057008189,-0.57568162226261,-0.113910176982092,-0.0246120063374677,0.196001952806192,0.0138016541409422,0.10375833102319801,0.364297540595235,-0.38226057411321707,0.092809187460487,0.0370505169810008,12.99,0
17,13.0,-0.436905071360625,0.9189662129093221,0.9245907743881701,-0.727219053596792,0.915678718106307,-0.127867352079254,0.7076416073339351,0.0879623554672504,-0.66527135413364,-0.737979823596458,0.32409781346169,0.277192107214981,0.252624256310781,-0.291896460370468,-0.184520169327133,1.14317370716197,-0.92870926272403,0.680469592634687,0.0254364616880793,-0.0470212823165035,-0.19479582379467103,-0.6726379970177929,-0.156857514491897,-0.8883863209437158,-0.342413218776576,-0.049026728633950994,0.0796923991551505,0.131023789452311,0.89,0
18,14.0,-5.40125766315825,-5.45014783420644,1.18630463143652,1.73623880012095,3.0491058776402498,-1.76340557365201,-1.55973769907953,0.16084174726676903,1.2330897404188799,0.34517282705062896,0.9172298676991459,0.970116716069048,-0.266567764915222,-0.47912992927670395,-0.5266085025691529,0.47200411177673995,-0.7254809449822008,0.075081351540202,-0.406866573198217,-2.19684802485647,-0.5036003289737029,0.984459785590244,2.4585885763921898,0.0421188969891572,-0.48163082395671597,-0.621272013713977,0.392053289557744,0.949594245504846,46.8,0
19,15.0,1.4929359769861998,-1.02934573189487,0.45479473374366003,-1.4380258799170198,-1.5554341013634398,-0.7209611470435571,-1.08066413038614,-0.0531271179483221,-1.9786815953872,1.6380760369044598,1.07754241162743,-0.63204651464934,-0.41695716661602006,0.0520105153724404,-0.0429789228232019,-0.16643249645197197,0.304241418614353,0.554432499062278,0.0542295152184719,-0.38791017264625804,-0.17764984643881399,-0.175073809074822,0.0400022190621329,0.295813862676508,0.33293059939425,-0.220384850672322,0.0222984359135846,0.007602255599978971,5.0,0
20,16.0,0.6948847756073371,-1.36181910308009,1.0292210395603199,0.8341592992167159,-1.1912087944596499,1.30910881872952,-0.878585911450457,0.44529012783849997,-0.44619583155742293,0.5685207350869621,1.0191506127469498,1.2983287005625102,0.420480265280796,-0.372650997239682,-0.807979512809369,-2.04455748288968,0.515663469043577,0.625847298442513,-1.30040816880609,-0.138333940419021,-0.29558293155202897,-0.5719550068125121,-0.0508807005036795,-0.30421450102064396,0.0720010061385359,-0.422234430367677,0.0865533980909977,0.0634986493439305,231.71,0
21,17.0,0.962496069914852,0.32846102605212,-0.17147905415064002,2.10920406774016,1.12956557126894,1.6960376856836,0.10771160731136699,0.521502163844302,-1.19131110205143,0.7243963145889029,1.6903299205808002,0.406773575635315,-0.9364212959345509,0.9837394191319899,0.7109107660680669,-0.602231772166344,0.40248437562727296,-1.7371620345245702,-2.02761232183279,-0.26932096654841897,0.14399742335114002,0.40249166140629106,-0.0485082211745289,-1.3718662945388898,0.39081388543865897,0.199963657504328,0.0163706432842991,-0.01460532767228,34.09,0
22,18.0,1.1666163824422802,0.502120087854101,-0.0673003143663533,2.26156923949128,0.42880419463070796,0.0894735167274599,0.241146579907281,0.138081705243702,-0.989162395259052,0.922174967079328,0.7447857894372719,-0.531377250104474,-2.1053464503177,1.1268701048815601,0.0030753225149003603,0.42442450635660606,-0.4544752916637079,-0.0988706272108058,-0.816597306905994,-0.307168508741084,0.0187018719918659,-0.0619722672279421,-0.103854921794533,-0.37041517665059903,0.6032003386748729,0.108555872801682,-0.0405207055560295,-0.0114178152991164,2.28,0
23,18.0,0.24749112778366503,0.27766562735368105,1.18547084217971,-0.0926025498576041,-1.31439397897076,-0.15011599762266503,-0.9463649501116759,-1.61793505064675,1.54407140197844,-0.82988060074647,-0.583199526903095,0.5249332321599041,-0.45337529664688,0.0813930875646215,1.55520419597553,-1.39689489286937,0.7831308383246759,0.436621213910235,2.1778071683954296,-0.23098314290351898,1.6501803605415402,0.200454090999037,-0.185352508080436,0.42307314795406,0.8205912617509828,-0.22763186393476104,0.336634446911129,0.250475352427605,22.75,0
24,22.0,-1.9465251312153402,-0.0449005054418194,-0.40557006837895604,-1.01305733702394,2.94196769950545,2.9550533967456203,-0.0630631473635638,0.855546309018146,0.0499669002270836,0.5737425080376949,-0.0812565147381817,-0.21574500328280802,0.0441606277765361,0.0338977566837455,1.19071767502074,0.578843475256385,-0.975667025451307,0.0440628177757039,0.488602868957758,-0.21671525444892603,-0.579525934402369,-0.799228952914653,0.8703002153047041,0.983421492506598,0.321201132609584,0.14964987693075502,0.7075188364108421,0.014599751533029,0.89,0
25,22.0,-2.0742946722629,-0.121481799450951,1.3220206304896698,0.410007514171835,0.295197545759436,-0.9595372298443801,0.5439854912876559,-0.104626728092018,0.475664017945495,0.149450615348245,-0.856566363963256,-0.180523156037298,-0.6552329303574761,-0.27979685563853,-0.21166795514314998,-0.33332060969467103,0.010751094250554,-0.488472666295676,0.5057510344786039,-0.386693573241769,-0.40363949884012496,-0.227404004096502,0.7424348640767949,0.39853485544745604,0.249212161486784,0.274404273874965,0.359969356358436,0.24323167179891103,26.43,0
26,23.0,1.17328461017079,0.353497876646456,0.28390506526532,1.1335633178795,-0.17257718184249302,-0.916053706932115,0.36902484539083,-0.32726024219676697,-0.24665102789455998,-0.0461393022689538,-0.143418527309124,0.979350375717585,1.49228543545219,0.10141752593588099,0.76147754528118,-0.014584082470356,-0.511640116553888,-0.32505635460906,-0.390933797720026,0.0278779087328671,0.0670033044874043,0.227811927638182,-0.150487224821759,0.43504510338368996,0.7248245795772409,-0.337082059875827,0.0163683792669046,0.0300411908366385,41.88,0
27,23.0,1.32270726911234,-0.17404083293642003,0.43455503125098704,0.576037652384661,-0.836758045983797,-0.8310834114838291,-0.264904960791055,-0.22098194266770396,-1.07142461772052,0.8685585475705271,-0.641506289794406,-0.11131577501741301,0.361485409760927,0.171945121866125,0.7821665318236322,-1.35587072953395,-0.216935152965165,1.2717653852030801,-1.24062193508556,-0.522950940722936,-0.284375572220815,-0.32335741063844897,-0.0377099050596787,0.34715093880849707,0.559639136527168,-0.280158165778367,0.04233525763971799,0.0288223002307744,16.0,0
28,23.0,-0.41428881009082896,0.905437322625407,1.7274529441792101,1.4734712665718899,0.007442741173229879,-0.20033067741619895,0.740228319420026,-0.029247400012072003,-0.593392019124765,-0.3461882312731989,-0.0121421884961019,0.786796316060126,0.635953883297271,-0.0863244719500975,0.0768036871984215,-1.4059193336148,0.7755917383951619,-0.94288892749919,0.543969461627011,0.0973075910928853,0.0772374339988386,0.45733059865611897,-0.038499724582026,0.6425219027749921,-0.183891335259639,-0.27746401949564903,0.18268748649045397,0.152664644968975,33.0,0
29,23.0,1.05938711501788,-0.175319186719244,1.26612964251002,1.18610995469348,-0.786001752758539,0.578435276462307,-0.767084276374229,0.401046149117525,0.6994996759037271,-0.0647375556773487,1.04829248789913,1.00561836488785,-0.542001579163132,-0.0399145024672579,-0.21868324767860398,0.00447568219903875,-0.19355403865039397,0.0423879619548074,-0.277833720535009,-0.178023367448801,0.0136762939208399,0.21373361012323397,0.0144618494665875,0.00295085991542244,0.294638014829328,-0.395069505138473,0.081461117248889,0.0242203485620962,12.99,0
30,24.0,1.23742903021294,0.0610425841868962,0.38052587979422203,0.761564111432371,-0.3597707103697871,-0.494084149915291,0.00649421810779282,-0.13386237968989098,0.438809736716666,-0.20735804551701104,-0.92918211475144,0.5271060605933,0.34867590111413205,-0.15253513860854198,-0.21838562964701802,-0.191551818259596,-0.11658060271605301,-0.633790816521738,0.348415801097774,-0.0663513345433597,-0.245682498259096,-0.530900256150069,-0.0442653968237672,0.0791680288586917,0.50913568954621,0.288857833917937,-0.0227049816562784,0.0118362314304161,17.28,0
31,25.0,1.1140085954115702,0.0855460896870318,0.493702487395368,1.3357599851447501,-0.300188550950467,-0.0107537834263628,-0.11876001509605,0.18861669594313898,0.20568684906514,0.0822622587556722,1.13355567149479,0.6266990024892211,-1.49278039238295,0.520787893899183,-0.6745925968718121,-0.5291082418559071,0.158256197923207,-0.39875147934971295,-0.14570890904449998,-0.273832367278761,-0.0532336603921118,-0.0047601512119153,-0.0314701703936453,0.19805371814319297,0.565007312878958,-0.337718126200803,0.0290574021222937,0.0044526314318799705,4.45,0
32,26.0,-0.529912284186556,0.8738915814603259,1.3472473293011298,0.14545667658225697,0.414208858362661,0.10022309405219,0.7112060829596492,0.1760659570625,-0.286716934699997,-0.48468768319685207,0.872489590125871,0.8516358599043392,-0.571745302934562,0.10097427304575099,-1.5197718325851202,-0.28437597826178806,-0.310523584869201,-0.4042478688009051,-0.8233735239141551,-0.29034761086543603,0.0469490671140629,0.20810485507629897,-0.185548346773547,0.0010306598329328802,0.0988157011025622,-0.5529036030405179,-0.0732880835681738,0.0233070451077205,6.14,0
33,26.0,-0.529912284186556,0.8738915814603259,1.3472473293011298,0.14545667658225697,0.414208858362661,0.10022309405219,0.7112060829596492,0.1760659570625,-0.286716934699997,-0.48468768319685207,0.872489590125871,0.8516358599043392,-0.571745302934562,0.10097427304575099,-1.5197718325851202,-0.28437597826178806,-0.310523584869201,-0.4042478688009051,-0.8233735239141551,-0.29034761086543603,0.0469490671140629,0.20810485507629897,-0.185548346773547,0.0010306598329328802,0.0988157011025622,-0.5529036030405179,-0.0732880835681738,0.0233070451077205,6.14,0
34,26.0,-0.53538776309446,0.865267807575272,1.35107628772237,0.14757547449791,0.433680212077009,0.0869829381161816,0.693039311115721,0.17974226074255603,-0.285641861230583,-0.482474471178567,0.871799580440785,0.8534474349914871,-0.571821891415037,0.10225210304814199,-1.51999120265821,-0.28591249708149896,-0.309633386824141,-0.403901992939884,-0.8237429944894642,-0.283263782156003,0.04952568668759901,0.20653654302447602,-0.18710806982074998,0.000753014257497798,0.0981166059546266,-0.5534709688227529,-0.0783055021726955,0.0254273775211197,1.77,0
35,26.0,-0.53538776309446,0.865267807575272,1.35107628772237,0.14757547449791,0.433680212077009,0.0869829381161816,0.693039311115721,0.17974226074255603,-0.285641861230583,-0.482474471178567,0.871799580440785,0.8534474349914871,-0.571821891415037,0.10225210304814199,-1.51999120265821,-0.28591249708149896,-0.309633386824141,-0.403901992939884,-0.8237429944894642,-0.283263782156003,0.04952568668759901,0.20653654302447602,-0.18710806982074998,0.000753014257497798,0.0981166059546266,-0.5534709688227529,-0.0783055021726955,0.0254273775211197,1.77,0
36,27.0,-0.24604594870383498,0.47326690335701005,1.6957375537405903,0.26241148797311703,-0.0108664136529745,-0.610835935296661,0.7939365455120659,-0.24725283090862804,0.138879113774066,-0.401007068346067,-0.812050381942678,-0.183524462361787,-0.6301128871022379,-0.286217451066222,-0.33704632357750103,-0.42810547355755,-0.0306021083323427,-0.504568166264421,0.355180278263647,0.0457211272611911,-0.19459993520722305,-0.335132725895693,-0.0781796063470994,0.3927838915271579,-0.0311571467736638,0.19803679947282102,-0.17534730074182298,-0.20361615570141398,30.49,0
37,27.0,-1.45218727859439,1.76512373913739,0.611668540757038,1.17682498424561,-0.44597989205781297,0.246826451919258,-0.25756615568530605,1.0924724973131998,-0.607524461211062,0.0471555530038123,0.783726853195604,1.0963856736135,-0.26809420573452,0.768648040128495,-0.524367354238622,-0.808816147106875,0.710386067439587,-0.11836878699997,0.9792878355358051,0.00871333379747532,0.0822798172206588,0.325782190832103,-0.069107391080501,0.0209619966159794,-0.0446684875032122,-0.243441391677247,0.14918032518668697,0.12055690785019901,1.8,0
38,29.0,0.996369531566045,-0.12258878723805999,0.546819472613086,0.7065795410876891,0.134559557409452,1.15699511200606,-0.29456133143296803,0.40742909941985295,0.337862663634561,-0.40815049255264707,0.6826461239495489,1.25371968484033,0.391917044082342,-0.0375108583595551,0.795301519477008,-1.6682105913656002,1.32299488209244,-2.8300352286731805,-1.4634316883348502,-0.203461209817417,-0.0763018365480559,0.108866913420892,0.162230940339532,-0.575624047818567,0.10979491458920801,0.37381336727897896,0.0505521972760614,0.00510555920011407,20.53,0
39,29.0,1.11088034163339,0.168716770722767,0.517143960377807,1.32540691997371,-0.191573353787583,0.0195037226488424,-0.0318491084003128,0.117619919555324,0.017664720727696,0.0448647914479061,1.3450747987323002,1.28633962057665,-0.25226706568546203,0.274457682308765,-0.8103943723789448,-0.587005063447401,0.0874510738489092,-0.5504736281532571,-0.15474935509610002,-0.19011971084360998,-0.0377086544989231,0.0957014620432248,-0.0481976468634584,0.232114939125133,0.6062007489656359,-0.342096828961882,0.0367696053150443,0.0074799607310723,6.54,0
40,32.0,1.24905471963177,-0.624727077037783,-0.7105889035360791,-0.991600360912692,1.42997319213398,3.69297701929891,-1.0902086412252299,0.967290815452715,0.8501485194540571,-0.307081111779614,-0.456245308321934,0.22998134984458105,-0.0169130995868782,-0.22084608611488502,0.362417698896289,0.315222304210749,-0.512265445432752,0.11899461869584,0.5747201595390239,0.0978526921491637,-0.00629271415563999,0.00920022451060978,-0.129463200605864,1.11297017048455,0.5003821086230991,1.1965491993028101,-0.0482204354357297,0.00509362198376849,29.89,0
41,32.0,-2.00887179458613,2.1985265031689902,0.144241739942708,1.15943226211997,-0.8151742878454159,0.182288271256805,-0.617108301549016,1.53081672758398,-0.5868322862548749,0.129875750830725,0.6584794483250339,1.26504921848771,-0.2065181664078,1.01360321158387,-0.549413509634851,-0.708034201312287,0.869643169489364,-0.0956595595028157,0.944395409086946,0.0287401249115119,0.0949173066809993,0.294982704383812,0.0110813838630497,0.0152493720986061,0.0342106363420669,-0.23614110157154697,0.128290672598229,0.11798598991929801,2.35,0
42,33.0,-0.607877142993026,1.03134507783793,1.7404497373153303,1.2321055504231102,0.41859226022294393,0.119168118951909,0.850892666335631,-0.176267418873834,-0.24350134795506398,0.14845548983392498,-0.387003094237291,0.398299276642617,0.48191674848907,-0.3654390925945,0.23554457214110897,-1.3478114603298101,0.504648259572464,-0.798404510811433,0.7597103072896841,0.25432477784653795,-0.0873291909450489,0.25831527987750696,-0.26477502289338,0.11828236713924802,0.17350808114874802,-0.217041286803197,0.0943119126010652,-0.0330412960342469,14.8,0
43,33.0,-0.9357315089712609,0.170415774156885,2.7462612691602404,-1.07796491232198,-0.305594036012037,0.011577039242069,-0.29617845074107896,0.40277556974903206,-0.0404717463090409,-0.8520459755903579,1.55210930576859,0.953561030493519,0.415429902142844,-0.233899924821916,0.452335831951489,0.8443682769577241,-0.822739085535726,0.338821621743895,-1.2142344276447299,-0.00541945029011228,0.401212016276093,1.06486425408903,-0.15832543563046,0.295505486260758,-0.259369647631841,0.754194722556598,0.0466637698225124,0.09394791822514698,9.1,0
44,34.0,-0.762255665726893,0.12776775195364698,2.65005638571315,-1.87566277123804,-0.893356398126455,-0.268714889488759,-0.419863596621261,0.146233406715251,-0.8696352901545971,-0.0386516694016891,-0.6861243871030079,-0.502910878643487,1.3808263221849497,-1.03912460633328,0.6528420890328079,1.89874756257003,-0.458413549068005,-0.559803242547051,-0.295102639926884,0.35939290571498705,0.433349641511561,1.26040266443393,-0.40470003615523203,0.0949455232807396,0.48097597687001703,-0.0906846797223101,0.319222972697776,0.13559992461591303,15.99,0
45,34.0,1.13831556625444,0.0569559699973862,0.649418964599217,0.8730620409242131,-0.468466330715866,-0.41019455224624896,-0.0138975543027732,-0.0724396093157116,0.306787909036459,-0.269952637390657,-0.0026018478230343603,1.1243042158991299,0.7442066841689371,-0.188353421358499,-0.07566196255573,-0.70919227171914,0.38121910254628705,-1.37208017404084,-0.273701149259017,-0.07835463280870798,-0.16422241479465,-0.24740053922934196,0.0594050645049741,0.45628646517405597,0.361004003525112,0.274414145848337,-0.0024983624466545103,0.017108846940255,21.34,0
46,34.0,-0.29154024459654304,0.44557531372574205,1.2497521162384,-1.7357358899141597,0.0857555587180682,-0.121924299130972,0.40771585706034996,0.095309377625631,0.8159022868360309,-1.49118801152726,-0.8461913803997441,0.0565325500897555,-0.05895353000516901,0.15192260175651098,1.9825948818916002,-0.44329505436362604,-0.31825141200590196,0.0647871665050688,0.613505272287834,-0.0335223445539186,-0.0649061469721262,-0.120448981687137,-0.156525633679736,-0.8002128508520969,-0.0006203916899638621,-0.835203307198696,0.131001420802654,0.0628962699466281,18.95,0
47,34.0,0.20168589143075197,0.49748321543278096,1.3739125741005,0.571405317647578,-0.6306577501422429,-0.5396591237725991,-0.0762702908119869,-0.9171057500190369,0.27000840621523103,-0.48028068211082503,-0.512532739970476,0.680906258686799,0.08992303652196801,-0.157405056857078,-0.588819331688659,-0.477908445696603,0.22538879557879002,-0.668680159238467,-0.0235994213112055,-0.222302592236684,0.7189610698691731,-0.17187687023179002,-0.16620525458887,0.776471323845633,0.818460355548391,0.442547455443563,0.142757246943121,0.21923760970849696,9.99,0
48,35.0,1.38639697419213,-0.7942094653826121,0.7782241905912541,-0.8647084338976421,-1.06413227965342,0.35129617358274395,-1.19145458338703,0.052685634312249,-0.304404039275229,0.5765168089240661,-1.63111176189277,0.0425595121222894,2.04789831589105,-0.739338428608896,1.45622204419365,-0.272049582980028,-0.9320073984458008,1.9265322003524399,-0.659939172907678,-0.273032886609131,-0.228726645592863,-0.12352242012396401,-0.131025121563502,-0.9296681789120279,0.181379006488932,1.19492806430879,0.0005313318862034009,0.0199106229397932,30.9,0
49,35.0,-1.06323567874519,1.41819062554828,1.08667286312649,1.24143960031209,0.00230612611071083,0.0459015812190403,0.514120896637259,0.241252403456357,-0.154499951014978,0.28067262205549703,-0.531948028103641,0.589857529006045,0.555086956115103,-0.116357328890885,0.165886171204421,-1.2372100267951698,0.638414233299701,-0.7760705946247421,0.692805890042676,0.235008925706976,-0.0572284702226962,0.31415299803034397,-0.129862928270599,0.11428370785009001,-0.0278124769514765,-0.25993701563079896,0.118753639651127,-0.0089562977983754,20.22,0
50,35.0,1.19935593362078,0.129953154513887,0.8635849707762809,1.00263476869323,-0.783761014593659,-0.884679005672016,-0.0407432757589571,-0.208068511671504,0.392477871628745,-0.248177899888804,-0.0953627524727861,1.31413104809224,1.0916814094226999,-0.40934635225503496,-0.577994104632916,-0.5812837424207061,0.212342679791527,-0.8931812529624219,-0.0206528853522847,-0.0726201259267691,-0.0424680857272564,0.19847405189934303,-0.0330099751170921,1.01329013084481,0.559097511348329,0.401817534390101,-0.00586465649000008,0.0179360319171187,0.99,0
51,36.0,-1.00492933857661,-0.985977681437715,-0.0380388289597724,3.71006135915003,-6.631950832131209,5.122102581422969,4.37169125592055,-2.00686750606648,-0.278736460739287,-0.230872923441907,0.14515526323983702,-0.0631560504596301,-0.7995850705640299,-0.341956368039262,-0.930529781903999,0.510510185482595,0.0924281060557055,0.823984132238812,1.1903978001303799,-0.00197997769185823,1.3934060040900702,-0.3816713951665421,0.9697191756460859,0.0194447958389348,0.57092281345927,0.333277781691674,0.8573731923655871,-0.0755382461617961,1402.95,0
52,36.0,-1.16942245796433,1.15831387032695,1.40679953629777,0.8601888973489559,-0.103809888790759,0.122034779552914,0.264451377145263,-0.10876658864594803,-0.181976611127934,0.659592648943552,0.45631688991831,-0.097762710197907,-0.34615868630130703,0.21018239136866101,2.34522933348286,-1.1726476833364,0.8600188735736559,-1.15422426573603,0.8587680263663021,-0.120560177945327,0.0244979038810766,-0.120153158421006,0.212986045163239,0.0875357633653697,-0.946529684037448,0.226700388710984,-0.810100768391406,0.234956581343876,7.99,0
53,36.0,1.09552460629831,-0.11608534573339199,1.39791191546724,1.49754690019101,-1.0491239994212,0.0728385348036489,-0.7238020802553008,0.28753247298073603,0.9963268123637959,-0.14914465283911701,-0.508291668719983,-0.0278409029803608,-1.3215597524445701,-0.0624044666639764,0.505750535601976,-0.209298470605219,0.20753653397702304,-0.47133470691294105,-0.7362975822369949,-0.275034578640693,-0.0332341723097201,0.0932618845502939,0.0894983953019386,0.361261297686165,0.250962947610691,-0.378279979683085,0.0810238996896179,0.0342269381560285,2.09,0
54,37.0,1.2956676207306799,0.341483451353791,0.0815051987484797,0.566746069705835,-0.11045877327726401,-0.7663247927202339,0.0731549033988192,-0.16830413762073598,0.0718371100236598,-0.28104399420091,-0.549533938889144,0.0490931624959103,0.303950022826475,-0.31675019245270397,1.13489720516941,0.635909577425588,-0.199763166132168,-0.12205106420747301,0.0045161815786887,-0.0659833832780103,-0.323607229319987,-0.9297813721424592,0.063808805668539,-0.19356511464898396,0.287574217952475,0.12788098521708802,-0.0237311930875266,0.0251996726837571,0.99,0
55,38.0,0.15833178230175898,0.872687435246972,0.965524582020175,1.80212716128867,0.13902198100984198,0.11086309996220699,0.5590791858764761,-0.0290709324327654,-0.394912253717594,0.0326744802467683,-0.500918900235755,0.631916037705799,0.7546936165556779,-0.0476554686939835,0.348217616820134,-1.49352680501418,0.757230631601602,-0.6843692162107199,1.3033587590953601,0.089837782828709,0.116269965704937,0.6916850387300849,0.121112830020818,0.11614216764385499,-1.1127250116355,-0.30336914526566305,0.32753280391296,0.255621383050512,21.76,0
56,39.0,-0.5540645649319879,0.215728297966379,0.84426462904462,-0.753067316254495,0.0348484695858477,-0.558597247605412,1.09040095790026,-0.20387323150939105,0.262393622286028,-1.35471021992455,-0.0948798795631494,0.9537459916905591,0.8369640390897142,0.14475220028962,1.1566095316483798,-1.933020942756,0.7413489575322572,-0.513609928080678,1.5673453867025,0.38328293295421795,0.212133973378933,0.702337604074802,-0.0057006020965723,0.147346442427205,0.245651952176691,-0.44045620988116496,0.147130419245981,0.13946773165502,120.96,0
57,39.0,-1.33088157532471,0.26754022707339,-0.168469573562158,-0.7012321479887711,3.28197152637576,3.2163896150267406,-0.0593943523071498,0.895430427879541,-0.0177788238187959,-0.16575321789526598,-0.7650473056339989,-0.0156362827296156,-0.35662598956324304,-0.0412000005982097,-0.735103099898972,0.0305333144480771,-0.778067287751348,-0.0151596831713987,-0.15282406849587302,-0.113875191254896,-0.151042302183246,-0.311726353053032,-0.37479281273477794,1.01488604023913,0.353991877144656,-0.51032707197523,0.159032671096812,0.22870792750846503,13.84,0
58,40.0,1.1106920037220802,0.0819419013829698,0.40606303731359294,1.29074038305994,-0.16981314825844102,0.120955382832246,-0.08084520479318301,0.17437308481530997,0.152070726014375,0.0652667231931254,1.0245497698683101,0.7931371795997131,-1.01503970254654,0.42299545162727603,-0.7066295511603141,-0.48845535754441904,0.0585314477120091,-0.38362722592943294,-0.0740676980785363,-0.21984610042640002,-0.0560239846247868,-0.0116030864282728,-0.070482892402791,0.0043451914572597205,0.60392864054067,-0.32742445131620695,0.0298896885491626,0.00494429617585088,13.84,0
59,41.0,1.15431211678574,0.265462317325236,0.384870524075104,0.575007040189308,-0.217475464731052,-0.391519648227507,-0.081488956561272,0.062789489939691,-0.26058332390039,-0.161677216936728,2.0529277770001597,1.13082593391895,0.18948450611551101,-0.0707926116953762,0.619345198096689,0.318582896539062,0.09023211202544301,-0.331450411508532,-0.34472121343180606,-0.0995797456243433,-0.193213341350887,-0.5576850633015911,0.16949206868172,0.18686270411481698,0.0892519829822865,0.0936262298809123,-0.00963264036329018,0.0196676927362536,2.67,0
60,41.0,0.986063325558912,-0.20296458676676501,-0.492768147356141,0.40769127471440797,0.305660256237429,-0.23052917894842398,0.5850280861519029,-0.20822459101766602,-0.24750344797877397,-0.19225312796373398,-0.628317496088626,0.43030793269987605,0.8112480198844642,0.37156635904874497,1.02607884858679,-0.0285013452690086,-0.3075461030699,-1.09965491470003,0.0107385063797803,0.263505047503593,-0.305873932586351,-1.21655526869515,-0.0776015256345218,-0.741340787959936,0.286881124869204,0.200346695511119,-0.0752033513991597,0.0272712185948336,169.05,0
61,41.0,1.1387593359078,-1.19295282747355,1.4071308355477101,-0.330070103385594,-2.06950346000893,-0.242175406330976,-1.30663511427275,0.10451040261704901,0.1346282320753,0.493931277386145,-0.8951875984556,-0.18269545245382898,0.14608082711779502,-0.586610838748991,0.7971890220793051,-0.891720829484445,-0.0792078211726979,1.54158849386504,-0.983586179206678,-0.29930743438507595,-0.156198371672557,-0.0305687768825267,-0.0197233842526695,0.43375260108465097,-0.0295214595585981,1.14124130155645,-0.00861206031729643,0.0415638961546465,96.94,0
62,41.0,1.14552438734553,0.575067968122658,0.194008459987088,2.5981917449879597,-0.0922100226629796,-1.0444295836732,0.5315875929652161,-0.241888126572805,-0.8962871739431341,0.757952330755115,-0.448937077852659,-0.660863324849119,-1.3085221727546799,0.7888637941226629,0.320294451189993,0.295403810318671,-0.28787845487047,-0.451452922896375,-1.01144616734405,-0.19104998704609805,0.0111063338152907,-0.119703100297783,-0.0765095275824603,0.691320431435738,0.633983977143587,0.0487412744528967,-0.0531919416370361,0.0162514987654748,34.13,0
63,42.0,-0.24936132796155103,0.399227372862504,0.068009333708328,-1.06061882632292,2.41039917069756,3.73657391553938,0.316446080126551,0.672296305826337,0.015140168440883998,-0.269501562245437,-0.49512044998454896,-0.161505830003069,-0.274214413311662,-0.27619076761852,-0.172408739733759,-0.11896210635999302,-0.550002391086682,-0.148051640353341,0.7717617828342171,0.10767634944671901,-0.257662841099466,-0.6167622901669411,-0.156668822049934,1.03113494324514,0.120617108005851,0.31049406671685403,-0.288298624314493,-0.22396427402145397,32.51,0
64,42.0,-0.522666281326226,1.00992300182961,0.2764695946123111,1.4752894585993401,-0.707012562987729,0.355242551803606,1.5598487874189901,-0.399578612449174,-0.479812993616112,0.5163522748386189,0.0343304585928822,0.589225512111296,1.4269098018208999,0.0205102490819948,1.65133636674485,-0.961342569180643,0.24636005877088,-0.40753729696982005,0.9173990116366891,-0.0130160210270286,0.17240147720539997,1.01154336015453,0.0696662727096649,0.15781974077870997,-1.10922431803229,-0.30236933509865804,0.31817033733059696,0.316909559697327,243.66,0
65,44.0,-0.8999924493832271,0.136254782203579,1.88366470990807,-0.20899609560199398,1.05144062021155,1.9052413363243503,0.24142325013850302,0.647630723466254,-0.0534662496159594,-0.504170551077414,1.25459880723608,-0.236629189514631,-2.51758729019083,0.38457350712418603,0.343832096830213,-1.37056313688268,0.9585679816360552,-1.60724169293268,-0.647256440015303,-0.12172583142504699,-0.0815002177255612,-0.0169258892202723,-0.14770627283701598,-1.38462020304382,-0.0243520909920119,0.41265949607495794,-0.10677626762684699,-0.190475773260189,21.55,0
66,44.0,-0.7147640190509,0.514968588809346,1.82167562698994,0.616433633112349,0.848775614560403,-0.111938136930971,1.5056170818472099,-0.7981672979306871,0.244756558759933,0.264554166932915,-1.10811404262763,-0.359860224587481,-0.16347139451526402,-0.78399685528552,-0.36715282692695794,-0.653118889937787,-0.50429999683849,-0.260560360493109,0.435251051618086,0.10732171625636501,-0.220075387734134,-0.0178447101595565,-0.43193829162441905,-0.130458458758134,0.33715859160919204,-0.44004153507976296,-0.6745261569122839,-0.473217566024028,59.9,0
67,44.0,-0.948896382774995,0.24841362009197102,2.956914245378,2.81374999056136,0.145538801826429,-0.0273529716038449,0.133701634240577,-0.307534956765323,-0.125243760627442,1.03493960020462,-0.532647840011533,-0.18987796619930497,0.0812221878395934,-0.9390532676060329,0.081187230147607,-0.129784753449715,-0.17435346324256,-0.0902909933540908,0.22243454417213498,-0.0561863263047544,-0.0836469065443144,0.41609008188972896,0.20753673498795497,0.716064035097256,-0.602311114532848,-0.0642300143639965,-0.315057518447682,-0.27246333224823105,0.75,0
68,44.0,0.92706024886951,-0.323683971710722,0.387584831023695,0.5444739886302981,0.246787394713325,1.6503578045071599,-0.42757601748143603,0.615370698363494,0.22627827499351003,-0.225495240788102,1.9445448726120902,1.38515995366242,-0.47926167075312803,0.314166275947243,0.214167230654249,-1.33371647303753,1.0028690205298,-2.1193135015833,-1.05304305618293,-0.18539037453328897,-0.0405130479745848,0.0793594012040047,0.0966317456875458,-0.9925686689434929,0.0850958289136786,0.37744720534188897,0.0360964213118972,-0.00596028607818299,45.71,0
69,46.0,-1.92321320363186,-0.8704823241167271,2.32016962893044,1.98877580146727,0.417090785024797,-0.380013723200936,0.472139269598768,-0.557333241041249,-0.649079050397235,1.41088888300776,-0.517736958000633,-0.985201772757918,-0.400594745446622,-0.830664635864875,0.33800948630862804,0.0299241758036659,0.37115031113381,-1.05431867206706,1.8903639238846102,-0.36922739831731,-0.686487767489979,-0.7792675664371329,1.08605501915054,0.518863427142479,-0.36371201751189397,3.0655756965372802,-0.589022174639728,-0.39610982264958894,35.0,0
70,46.0,1.00658858258061,-0.0711053573592864,0.347613710129268,1.32968404626518,-0.193239540558001,0.155418220951582,0.00857355004537538,0.14653770115853199,0.103844303499997,0.0318300248431995,1.07098086659495,0.9406648262488531,-0.729473777220335,0.38011478464678705,-0.729126304640312,-0.493402464675541,0.0435558761530204,-0.405289649578765,-0.092584543842081,-0.091366856699256,-0.0202386866152166,-0.0188806243664369,-0.120966187234267,0.0273817885188254,0.59386362410547,-0.33468792197577696,0.0213680104004056,0.0150804012744551,67.97,0
71,46.0,-0.37824463450822204,0.7329254731447891,-0.12015421084374,0.18575507207310996,2.59426949152718,3.79718265118537,0.0590879612001456,0.9767682780205509,-0.412660864918736,0.0067536882536664,-0.624666242175613,-0.115851957802005,-0.21503727296506603,0.14044940338935,0.160265566475215,-0.601890179366329,-0.14435531524053197,0.221557464920078,1.45485216223185,0.315571560739074,-0.107581845449129,-0.15713951735447101,-0.194659196235448,1.01389734659882,0.145503366823794,-0.237619522591439,0.41137173739015104,0.20278845496258802,11.45,0
72,47.0,1.19783859904952,0.236827617702066,0.5096050016335639,0.6576586598753261,-0.365487846531556,-0.7451010672193341,0.07949744799295301,-0.130535519206068,-0.0522631188334045,-0.11005789766725099,0.307131474741218,0.670664429232084,0.437973609417859,0.269026235243189,1.12741944172679,-0.196922570885677,0.00770367393603528,-1.12264047790795,-0.5909176909267769,-0.120981428275126,-0.149875596688501,-0.37421066759700106,0.14551598580790198,0.414983921314997,0.212156010664903,0.181724249919295,-0.0164021340612288,0.0159942089881169,3.63,0
73,48.0,-0.580628965016257,0.482683933097182,1.33312308028373,-0.253080022676203,-0.0284689398233383,-0.519165700319527,0.503249460809705,0.11777348289602099,0.11711223801782199,-0.420487538793211,0.449718913713424,-0.0178648303429265,-1.98382317941023,0.32166348923286403,-1.42530187959129,0.12519416339846498,-0.404409451618886,0.0977768572186709,-0.0205312679140408,-0.298750730213523,-0.0421423262477711,-0.148707275565971,0.0014511649771445198,0.302764487325416,-0.6807141992003629,-0.0155539239808445,-0.00630700434213483,0.164222205343532,21.66,0
74,48.0,-1.79340624422786,1.85460399082838,0.9795139766444809,1.11226152645262,-0.206402962131258,-0.19954566809244503,0.6166424042353,0.0641803531775705,0.690271532341837,1.5517238171463599,-0.16196484167768,0.42421306098224604,0.0159444010110314,-0.405832818314697,0.271930432913219,-1.4230206486453603,0.676324382969801,-0.9110483000367041,0.46184549811260606,0.6678468716962911,-0.180722525691681,0.235138169654476,-0.0914415713260925,0.417654473831525,0.12273384623732099,-0.232985041190746,0.8118798414783008,0.6185683119396221,26.72,0
75,49.0,1.09860834614642,0.20242356382910104,0.525455971945753,1.3234362720139399,-0.130486421204476,0.0399243070766149,0.0283794159028238,0.0728410708847139,-0.0978693519806861,0.0195129951686423,1.4744133209006298,1.6896742175843502,0.506780523264567,0.125136664522659,-0.8927097117735601,-0.621679133317781,0.0443402665913568,-0.6420939542006221,-0.161986891000608,-0.128040892456864,-0.0249716784462107,0.15426426003807198,-0.0631467432547598,0.25320530713879297,0.629405434975953,-0.345344655387218,0.0404693378711826,0.010263750026757,13.18,0
76,49.0,-0.549626144798035,0.4189491535255971,1.7298332523559699,0.20306537384571302,-0.18701238761049102,0.253877551885213,0.5008937777715979,0.251255794962937,-0.227984854678695,-0.57616941989126,1.10203189400426,0.8237078074887221,-0.5695098835710021,0.00871007349263582,-1.04141380966471,-0.603403099556728,0.22548372889232896,-0.352132599922745,0.194946380855442,0.0169703706662638,0.115062465548237,0.418528728119492,-0.0651327882454082,0.264980785082018,0.00395822034181825,0.39596888898927296,0.027182102239278,0.0435057557098948,59.99,0
77,49.0,0.9215436797235529,-0.0670837542257563,0.0774610275787093,0.953638217022313,0.0674124629108227,0.0161524649547512,0.32045155695341,0.0385340276125158,-0.391512665081147,0.0315602452397677,1.39169118010671,1.07936321996869,0.10626771168399698,0.6659852513348079,0.44225355774887004,0.12264635495978099,-0.49239158611435896,-0.535140313996294,-0.0780818341113634,0.120050785637899,-0.333929581340575,-1.29991956674342,0.0843109903360168,-0.37039787119881706,0.155101565371628,-0.834490365033198,0.000909065197964509,0.035546875724877997,135.51,0
78,50.0,-0.5715207499617471,1.07160044939815,1.2801102496114198,0.542780003052458,0.574438986516567,-0.259359265830457,1.0611484151741999,-0.4109719679258139,-0.17913018113825002,1.00350065764887,1.06238226849436,0.159422388058099,-0.2898603137468,0.00580474635482856,0.46044095320684997,-0.22103526461389,-0.775852454545776,0.6570233150082061,0.80758291868891,0.354730634765855,0.0035585200804449796,0.561240486431022,-0.19928671969204298,0.0013873893822527802,-0.179529951929609,-0.374115725753305,0.0716414539902948,-0.17551046869800302,9.79,0
79,50.0,-0.671708547741052,0.59450259438803,0.21641594395457603,-0.867310638854276,2.96690830110092,3.6324948737380898,0.563295074740477,0.673025596986071,-0.18876614376242198,-0.40437829183051793,-0.699710626192874,-0.184142608712838,-0.4268130336539421,-0.183001108223398,-0.7477316832192421,-0.0377075788937061,-0.8664596384744508,-0.0072573202600080405,-0.160432044223361,-0.0027843343756349197,-0.136440966831564,-0.30036202560194497,-0.33169162341660197,0.996382470868604,0.502469492348796,-0.51804304841771,-0.208275755084745,-0.11604840639451598,14.8,0
80,51.0,1.25987313565004,0.25423957645842,0.51478862825195,0.620924297433486,-0.47593009877126896,-0.9922858392020211,0.0664165097996613,-0.20927505807465502,0.0355715653783499,-0.0676158213568395,-0.204107263687151,0.40259669069787396,0.37664769435144896,0.227135013294715,1.02499612132291,0.29953171476471,-0.426046050892739,-0.550315065603572,-0.11989896864788302,-0.0889700937046651,-0.256530535925767,-0.739211692487821,0.135732380872138,0.38198986620837005,0.21930189175015397,0.0942906925877441,-0.0286866677208069,0.019197591087878003,1.98,0
81,52.0,1.14736892702922,0.0590346445535856,0.263632341401774,1.2110234582393602,-0.0440955788263387,0.30106650133832,-0.132959855687363,0.22788513625146103,0.252191237226831,0.083903938117339,0.645046450909254,0.41336174804954295,-1.46803602930219,0.502861187887764,-0.626936022547138,-0.369716051829749,-0.0317992395701179,-0.215342173803487,0.0550196503583034,-0.25592387490088603,-0.0878134178536766,-0.11075640677334199,-0.0977707247600232,-0.323374178237458,0.633278881348768,-0.305327819106935,0.0273941237350875,-0.000580464688818191,6.67,0
82,52.0,-3.00523672241459,2.60013820219461,1.4836907372621202,-2.41847295513682,0.306326406574465,-0.824574531939418,2.0654256392882,-1.82934658938092,4.00925851665725,6.05152135077273,2.5725001819426803,0.0668507400137308,-0.35357430949743895,-2.83713599830894,0.292226879668893,-0.303773839706442,-1.94230314485255,-0.435449716450276,-0.934016115189154,2.45672404561526,-0.852308858371298,-0.18126848384372196,-0.163746504079237,0.5158205258001349,0.13631843199517,0.46005396748239896,-0.251258637837596,-1.10575115708552,1.46,0
83,53.0,-1.19896767411718,-1.4741004709421102,1.8403259873066002,-4.51582435488105,0.327567428246331,-0.17446928283484803,0.9597257054787859,-1.0264562279545,1.7004345844796598,-0.0789417612044958,1.6626671449359798,0.48561929974872203,-0.93302495795613,-1.11878656487932,0.14125304079379003,-2.81188754821512,-0.5047458098701211,0.8912226631545308,-1.51202243652326,-0.7698542868104391,-0.453169416973525,0.33461404044145504,-0.36454141246689403,-0.31018578207378494,-0.30259949355198,-1.24392415371264,-1.12345654520885,-0.73435108581633,89.17,0
84,54.0,1.20239832807905,0.32171138660705395,0.2812108944880011,0.6436885824639621,-0.14866859620449802,-0.589738666993022,0.0484125495667614,-0.0933612495778056,-0.042934036363587995,-0.34324566231789394,0.23510605051285896,0.569881915499773,0.676330388590739,-0.351249746003609,1.2951300585626297,0.164859782332548,0.24641393531991101,-0.8044625222255131,-0.561740542791253,-0.0707505670634631,-0.251113124454264,-0.6801551650435489,0.148162526526488,0.0470615008737034,0.157049745885238,0.121934641489905,-0.0046078983353112606,0.0294181090910756,7.53,0
85,55.0,-4.5750926081623895,-4.4291837747487595,3.4025850037982797,0.903914679904333,3.0022237736807798,-0.491077708080676,-2.7053931630411396,0.666451302156469,1.9222161720232902,-0.614312027380396,0.38492657698759497,1.1944034523469,-1.0207184542809902,-1.24682940571382,-2.3486734371533196,-0.21343753348660202,-0.100221744823898,-0.406073073481075,-1.6375725187629098,-0.9609629339537179,-0.0473650289231517,0.853359934678944,-0.971600429208365,-0.114861639404699,0.408300391838859,-0.304576465887789,0.547784788743973,-0.45629682903619806,200.01,0
86,55.0,-0.7734500004581891,0.8531124943681899,0.818253541761677,-0.236070161217933,0.803462538724049,-1.43872833170719,0.799479364773059,-0.00798899962925418,-0.761089558526749,-1.04446403350044,1.5041348942127402,-0.291634167856543,-1.61543302342075,-0.665286835592656,-0.292983045822984,0.8031060541875931,0.462149366883927,0.83464109457954,-0.65179683321786,-0.10085848950269001,0.0353615493510926,-0.11689031612296302,-0.17892634676049102,0.400155137444786,-0.0262306839064335,0.16515568350303,0.027761800392197004,0.132979788496602,0.76,0
87,56.0,-0.847998365598453,1.04345933028073,1.26736889218816,1.1355294901263702,0.0213621025987426,0.33691410413282796,0.39847974279784903,0.317399165838859,-0.0286579453593501,0.534033192472464,0.811280074910828,-0.0710028675857182,-1.96905159541282,0.450006443181567,-0.263173073378825,-0.9683614129491942,0.459253723662508,0.0037711921426382,1.00071625183199,0.128621717056598,-0.0240461057456474,0.21500639749346598,-0.131981589595316,-0.007415626813253909,-0.136578135429545,-0.24296077820665601,0.38293084682331,0.276416935663384,20.22,0
88,56.0,0.0869961905163749,-0.0519887420255876,-0.49788244156008105,-3.1519078565140997,2.5584003623555,2.7966709697825496,0.470283270790146,0.265332802943643,0.9195134601985758,-0.735585687981152,0.208724948743441,0.0171306492463427,-0.110866963820059,-0.0426768695073913,1.65414036352275,-0.39264802260719395,-0.875960217366143,0.18394618918700698,1.25938002787067,0.167231088284993,-0.23942557990345298,-0.437342143719405,0.0184257681232037,1.01303776342658,-0.25892655862590497,-0.29318925257302303,-0.394955581242805,-0.43599559315079206,10.84,0
89,59.0,-0.773292609110981,-4.1460072502577,-0.932037567076045,0.0270936838890165,-1.69830732179181,0.460187805225441,0.737344474460422,-0.314215581514513,-0.84267253845447,0.0172757940177998,-0.6175603317278859,-0.197503535476567,1.59495759349141,-0.25987879712878303,1.22102546560587,1.32463951224473,0.12054018555004599,-1.24864887121931,-0.00506979108522488,2.44278177400485,0.890977779336871,0.0261225750123657,-1.1347693370818002,-0.654958249952389,0.0983862618989874,-0.209149914074031,-0.17170915638365303,0.20805664115886302,1142.02,0
90,59.0,0.921024018835922,-0.16244686110780998,-0.0943313673869069,0.47408392632704205,-0.0214859605972665,-0.39750630668527903,0.482642978539503,-0.117495974844976,-0.5778360314226529,-0.0186071371400667,1.83757918303173,1.4506710643878702,0.6797439728420611,0.593718449923865,0.24973469767304501,-0.0843672205235,-0.25970727981991,-0.894995460456715,-0.0103739416854655,0.214510447897743,-0.20938110637335897,-0.930107296377023,0.0285099107931845,0.0326820091099104,0.15513049510947302,0.133250470013276,-0.0735342308160852,0.0223491449446096,149.9,0
91,60.0,1.06914138489519,0.0437859251672304,0.309867290850673,1.31669399295505,-0.46239362394989797,-0.857887604269692,0.207903690796087,-0.191269941989371,0.0563978989012889,0.041567455076056005,-0.507358124813112,-0.10866622008440599,-0.47325734825793697,0.452045889971559,1.00567481039881,0.18544139766276502,-0.43997575238942,0.0125391476665563,-0.498587992492488,-0.00199825142437605,0.115775449915834,0.164781092368047,-0.17756405453019802,0.39189056974826897,0.624681738099145,-0.28837642765495697,-0.0013118335796052198,0.0358115192931624,89.4,0
92,60.0,1.1070293769484298,0.21644100037135103,0.538378149708233,1.47639799266774,-0.251941920499494,-0.340679706912496,0.154091744631261,-0.0865025456332286,0.14442020112071802,-0.157374627687008,-0.10756029769408802,1.0663256573792,0.620788366839222,-0.0708893376688794,-0.203857982828647,-0.853479419330768,0.3364780137748689,-1.17953172110404,-0.501729107425755,-0.111852535538935,-0.0600374501076493,0.0598841227860989,-0.0475263664778327,0.443992418636119,0.6402957587479841,-0.337657130668521,0.0421084838919154,0.024264710006858,26.72,0
93,62.0,-1.0351058177668901,0.996013127817514,2.19247013559677,-0.170445302779918,-0.30231973852573807,-0.142255767700287,0.22343177444859602,0.289043410118421,0.0941408906153459,-0.157858732844487,-0.386373549409945,-0.628633662180404,-1.02395821122071,0.0984338746976314,1.56228876196439,0.168577701728536,-0.14882641128415197,-0.285927210472601,-0.483363894151224,0.180287626805096,-0.098000008392506,-0.17024584412345997,-0.13722752704315,0.0552282789358353,0.0793475542063078,0.30203260211341104,0.39137734997479706,0.19659988066528897,5.99,0
94,64.0,1.21251089095254,-0.0990542956039435,-1.19209409463426,0.286323561509755,2.16051625183209,3.61631350966622,-0.40420689806665006,0.8423309516479929,0.16936042074252602,-0.0305221765721243,-0.541957258023106,0.23721201486661603,-0.21812964870327398,0.19743652097133801,-0.14785024592101903,-0.0978301417256899,-0.51005250120389,-0.0709392806421485,0.355170583653159,0.0147774396345371,-0.16749633651695098,-0.49469456984807497,-0.149785450968464,1.01122655467101,0.883547704730387,-0.32943381059207505,0.020370145679431,0.0170370863505012,34.7,0
95,64.0,-0.658304934095684,0.40679056737153,2.03746063876455,-0.291297974417195,0.147909808593845,-0.350857291958021,0.9453732131353609,-0.17256001673397797,0.0251333984849018,-0.7781347237336619,-0.196289801937262,0.6329552618263729,0.37402517156701093,-0.531597207426503,-0.6150625651006241,-0.518078459185166,0.0038808953194806295,-1.2889540744158,-0.797804485217222,0.0641328738661188,-0.156095760618683,-0.238804964891445,0.0898771773985113,0.421195367129561,-0.35248713422790706,0.0747827424634443,-0.0941921697507859,-0.0924931304008813,54.99,0
96,64.0,0.9596016585122299,0.370711304613933,0.888613370045565,2.34324410302247,0.352490841084755,1.3655146061913501,-0.27777073046274103,0.516053179747465,-0.700929045055026,0.46821623936725804,0.745611509947132,0.373531002993358,-0.22391828586666698,0.417438142069896,1.67840014345469,-0.515701600237187,0.662478668271888,-2.5142351135941,-2.5896875748614,-0.298404520795831,-0.15554716072911498,-0.403239315684771,0.35650403407484205,-0.6968814589154481,-0.19871797016250603,-0.22026791551514202,0.0685461961358583,0.0207973154161409,7.55,0
97,67.0,-0.653444627294995,0.160225076852038,1.59225555524082,1.2968322835756498,0.997174923623236,-0.343000302409134,0.469936930779834,-0.13247008199436097,-0.197794077439788,-0.105005538081425,-0.543662210926971,0.302233022635964,0.141211078726449,-0.207880443553101,0.0241083998795536,-1.20687659191564,0.39483638189259,-0.750955630206426,0.44055848117040797,0.22592034691854102,0.0383629679790368,0.336449012374641,-0.0148828328356718,0.102959010243,-0.265322060067868,-0.34863668662622,0.0112384491290326,-0.0494783399721492,19.85,0
98,67.0,-1.4946678407427099,0.8372413999636291,2.6282106179060696,3.1454143788946496,-0.609098388854424,0.258495000688512,-0.0121886133587805,0.10213603524636501,-0.286163596824287,1.1985563246493798,-0.550295668711412,-0.106845988520745,0.208014288229433,-0.680510402769635,0.507763583158711,-0.260264022558778,0.246631323902287,0.00885550438424228,0.8994158013595821,-0.0283519350532205,-0.14004735805713903,0.3550441838116021,0.33271998843522804,0.718192517148152,-0.21936604611432395,0.11892655138528199,-0.31748570216828803,-0.34078339765064297,28.28,0
99,68.0,1.23299646466342,0.18945373351059303,0.49104032065927106,0.63367266144682,-0.511574423739396,-0.990608798945491,0.0662404784461449,-0.19694029882246397,0.0759209605441686,-0.0660598957776733,-0.255743256644626,0.25515678464345604,0.10524733267758198,0.28467654128383396,1.05732211324487,0.315890891000563,-0.411940025745081,-0.51191158053807,-0.12042710646418901,-0.0778705743363889,-0.251566497035248,-0.7701387623624709,0.12599750460916198,0.369627369686229,0.20559770242338898,0.0940615942779856,-0.0331379753440025,0.0209903940215084,15.99,0
541,406.0,-2.3122265423262998,1.9519920106415802,-1.6098507322976898,3.9979055875468,-0.522187864667764,-1.4265453192059498,-2.5373873062457903,1.39165724829804,-2.77008927719433,-2.7722721446591496,3.20203320709635,-2.89990738849473,-0.595221881324605,-4.28925378244217,0.38972412027448705,-1.14074717980657,-2.83005567450437,-0.0168224681808257,0.4169557050379071,0.126910559061474,0.517232370861764,-0.0350493686052974,-0.46521107618238794,0.320198198514526,0.0445191674731724,0.177839798284401,0.26114500256767703,-0.143275874698919,0.0,1
623,472.0,-3.0435406239976,-3.1573071209022796,1.08846277997285,2.2886436183814,1.35980512966107,-1.06482252298131,0.325574266158614,-0.0677936531906277,-0.270952836226548,-0.838586564582682,-0.41457544828572496,-0.503140859566824,0.6765015446358629,-1.6920289330590599,2.00063483909015,0.6667796959019661,0.599717413841732,1.7253210074551397,0.283344830149495,2.10233879259444,0.661695924845707,0.435477208966341,1.3759657425430603,-0.29380315273402097,0.279798031841214,-0.145361714815161,-0.252773122530705,0.0357642251788156,529.0,1
4920,4462.0,-2.3033495675855296,1.7592474602669999,-0.35974474333005196,2.33024305053917,-0.8216283283754221,-0.0757875706194599,0.562319782266954,-0.399146578487216,-0.23825336766174599,-1.52541162656194,2.03291215755072,-6.56012429505962,0.0229373234890961,-1.47010153611197,-0.698826068579047,-2.2821938285625096,-4.78183085597533,-2.61566494476124,-1.33444106667307,-0.43002186717161106,-0.294166317554753,-0.9323910572749909,0.172726295799422,-0.0873295379700724,-0.15611426465117198,-0.542627889040196,0.0395659889264757,-0.153028796529788,239.93,1
6108,6986.0,-4.39797444171999,1.3583670283975802,-2.5928442182572997,2.67978696694832,-1.12813094208956,-1.70653638774951,-3.49619729302467,-0.248777743025673,-0.24776789948007996,-4.80163740602813,4.895844223475231,-10.912819319401901,0.18437168583438698,-6.77109672468083,-0.00732618257771211,-7.358083221323461,-12.5984185405511,-5.13154862842983,0.30833394575869105,-0.17160787864795998,0.573574068424352,0.17696771804819503,-0.436206883597401,-0.0535018648884285,0.252405261951833,-0.657487754764504,-0.827135714578603,0.8495733799857679,59.0,1
6329,7519.0,1.2342350461346798,3.0197404207033998,-4.304596884796649,4.73279513041887,3.62420083055386,-1.35774566315358,1.7134449878723501,-0.496358487073991,-1.28285782036322,-2.44746925511151,2.10134386504854,-4.6096283906446,1.4643776247618798,-6.0793371930800495,-0.3392373727325769,2.58185095378146,6.7393843847833494,3.0424931783041096,-2.72185312222835,0.00906083639534526,-0.37906830709218003,-0.704181032215427,-0.656804756348389,-1.63265295692929,1.4889014483823702,0.5667972734689339,-0.0100162234965625,0.14679273491698802,1.0,1
6331,7526.0,0.008430364895582541,4.13783683497998,-6.24069657194744,6.675732163134401,0.7683070245714492,-3.35305954788994,-1.6317346727180901,0.15461244822474,-2.7958924644628103,-6.1878906297064695,5.66439470857116,-9.854484822870369,-0.306166658250084,-10.6911962118171,-0.6384981926733221,-2.04197379107768,-1.12905587703585,0.116452521226364,-1.93466573889727,0.488378221134715,0.36451420978479,-0.6080571338387031,-0.5395279418200929,0.128939982991813,1.48848121006868,0.50796267782385,0.7358216361196619,0.513573740679437,1.0,1
6334,7535.0,0.0267792264491516,4.132463897130029,-6.5605999680965805,6.3485566731398295,1.32966566904142,-2.51347884762413,-1.6891022003132798,0.30325280054758896,-3.13940905736457,-6.045467797788009,6.75462544809695,-8.94817857893317,0.7027249980998729,-10.733854103230598,-1.3795198568171798,-1.63896011485587,-1.74635013628103,0.776744097926754,-1.3273566354901498,0.5877432190064069,0.37050865149325296,-0.5767524731743299,-0.6696053717662379,-0.7599075295386178,1.6050555501746202,0.5406753964288991,0.7370403816839771,0.49669910816833707,1.0,1
6336,7543.0,0.32959433331822197,3.71288929524103,-5.77593510831666,6.07826550560828,1.66735901311948,-2.4201684135156203,-0.8128912494913331,0.133080117970748,-2.2143113120496096,-5.13445447110633,4.560720105502231,-8.87374836164535,-0.7974835996284741,-9.177166370091461,-0.25702477514424,-0.871688490451564,1.31301362907797,0.773913872552923,-2.37059945059811,0.269772775978284,0.156617169389793,-0.652450440932299,-0.551572219392364,-0.716521635357197,1.4157166150892202,0.5552647397875821,0.530507388890912,0.40447405452871205,1.0,1
6338,7551.0,0.316459000444982,3.80907594667829,-5.61515901119457,6.0474451021647795,1.55402595692572,-2.6513531120137004,-0.7465792731002221,0.0555863112529252,-2.6786785422398998,-4.9594929116149595,6.43905335158373,-7.52011739288703,0.38635166741077,-9.25230724747513,-1.36518841502051,-0.502362190618164,0.7844265981542741,1.49430460743838,-1.8080121586735702,0.388307428238927,0.20882836900167398,-0.5117466192007221,-0.5838132208137231,-0.219845029091423,1.4747525844068798,0.49119192565600606,0.5188682845772871,0.40252806767232,1.0,1
6427,7610.0,0.725645739819857,2.3008944377660296,-5.32997618300917,4.007682804682,-1.73041059025206,-1.73219256822244,-3.96859261813707,1.06372815344105,-0.48609655234483296,-4.62498495406596,5.5887239146762,-7.14824263637845,1.68045074096412,-6.210257746610281,0.495282117814298,-3.5995402092184,-4.83032424210571,-0.649090120211694,2.2501232487881,0.504646226103286,0.589669127323198,0.10954131922991302,0.601045276521079,-0.36470027822003903,-1.8430776921519398,0.351909298434892,0.5945499780864639,0.0993722360416487,1.0,1
